{
  "game_id": "ka59-9f096b4a",
  "levels_solved": 7,
  "total_actions": 239,
  "per_level": {
    "0": {
      "actions": 10,
      "engine_steps": 11,
      "time": 0.11781597137451172
    },
    "1": {
      "actions": 32,
      "engine_steps": 41,
      "time": 16.434664487838745
    },
    "2": {
      "actions": 33,
      "engine_steps": 33,
      "time": 0.08799076080322266
    },
    "3": {
      "actions": 36,
      "engine_steps": 39,
      "time": 0.8384902477264404
    },
    "4": {
      "actions": 20,
      "engine_steps": 20,
      "time": 0.0156710147857666
    },
    "5": {
      "actions": 46,
      "engine_steps": 46,
      "time": 1.1771187782287598
    },
    "6": {
      "actions": 62,
      "engine_steps": 67,
      "time": 42.81740951538086
    }
  }
}